path,folder,extension,bytes,width,height,megapixels,orientation,mode,error
5bb4c796de81648748b57907ba94c607.jpg,_root,.jpg,136511,736,981,0.72,portrait,RGB,
alutech logo.jpg,_root,.jpg,62449,1091,413,0.45,landscape,RGB,
png-transparent-schuco-hd-logo.png,_root,.png,5342,920,421,0.39,landscape,P,
png-transparent-window-siegenia-door-facade-business-window-furniture-text-logo.png,_root,.png,8194,920,401,0.37,landscape,P,
rehau logo.jpg,_root,.jpg,15210,1280,720,0.92,landscape,RGB,
Schüco_2011_logo.svg_.png,_root,.png,5156,1600,286,0.46,landscape,P,
алнео лого.png,_root,.png,100962,2664,660,1.76,landscape,RGBA,
Links\-__4.jpg,Links,.jpg,1735324,1680,1324,2.22,landscape,CMYK,
Links\00001.jpg,Links,.jpg,25743922,4524,3129,14.16,landscape,CMYK,
Links\0003.jpeg,Links,.jpeg,1447443,959,1280,1.23,portrait,CMYK,
Links\0012.jpeg,Links,.jpeg,1253042,959,1280,1.23,portrait,CMYK,
Links\002_4149_2.jpg,Links,.jpg,10667917,4725,3150,14.88,landscape,CMYK,
Links\002_4231_2.jpg,Links,.jpg,10939046,4725,3150,14.88,landscape,CMYK,
Links\0162afa20f98372c9e403c19f6bd036f.jpg,Links,.jpg,1204930,1600,1067,1.71,landscape,CMYK,
Links\0I1A2154_2.jpg,Links,.jpg,12486477,4725,3150,14.88,landscape,CMYK,
Links\0I1A2178-восстановлено.jpg,Links,.jpg,12479917,4725,3150,14.88,landscape,CMYK,
Links\1(9).jpg,Links,.jpg,1932419,1280,850,1.09,landscape,CMYK,
Links\11.jpg,Links,.jpg,699908,1100,1600,1.76,portrait,CMYK,
Links\134eb3c1d3435ec8cc6a131021d226d7-1-2048x1358.jpg,Links,.jpg,1818548,2048,1358,2.78,landscape,CMYK,
Links\1474803_original.jpg,Links,.jpg,7184801,4104,2736,11.23,landscape,CMYK,
Links\14991028_1216275868460813_3117839851033069526_o.jpg,Links,.jpg,3214710,2048,1152,2.36,landscape,CMYK,
Links\15-FIELDVIEW-VIEW-OVER-FIELD-2375-0472-f.1551109003.6166.jpg,Links,.jpg,2188415,2400,1594,3.83,landscape,CMYK,
Links\1558966975attachment_1.png,Links,.png,1151527,2100,1400,2.94,landscape,CMYK,
Links\1a73c8_639e66181f6f4.jpg,Links,.jpg,2742193,1680,1260,2.12,landscape,CMYK,
Links\2-3.jpg,Links,.jpg,2840815,2000,1333,2.67,landscape,CMYK,
Links\2007_37.jpg,Links,.jpg,1871836,1680,1259,2.12,landscape,CMYK,
Links\2017-11-03_8252.jpg,Links,.jpg,13717504,4725,3150,14.88,landscape,CMYK,
Links\2017-11-03_8362.jpg,Links,.jpg,13216361,4725,3150,14.88,landscape,CMYK,
Links\20813604px1920x1280 (1).jpg,Links,.jpg,1731893,1920,1280,2.46,landscape,CMYK,
Links\230-Vic-4.jpg,Links,.jpg,5245898,3238,2590,8.39,landscape,CMYK,
Links\298_amb_43_serie_chalk_smoke_80x160-1280x1024.jpg,Links,.jpg,939775,1280,1024,1.31,landscape,CMYK,
Links\2e1abee06be4bad1e5ccc3067830a8dd.jpg,Links,.jpg,5163490,3263,1695,5.53,landscape,CMYK,
Links\385e4dcd8ef49fe4fa97a31dd34f9f52.jpg,Links,.jpg,1507191,1440,1080,1.56,landscape,CMYK,
Links\3989.jpg,Links,.jpg,8376669,4418,2946,13.02,landscape,CMYK,
Links\581db73369dc3f2d508d23fa5e097995.jpg,Links,.jpg,1443755,2000,1333,2.67,landscape,CMYK,
Links\5ea4f00725a418d26ee915385f83949b.jpg,Links,.jpg,7952330,4048,3040,12.31,landscape,CMYK,
Links\5_SCH-CO-Parametric-Sistem-pic3.jpg,Links,.jpg,4182803,3160,4090,12.92,portrait,CMYK,
Links\777777777777777-2000x1200.jpg,Links,.jpg,1670619,2000,1200,2.4,landscape,CMYK,
Links\78ebcb69469793.5b82d5462790b.jpg,Links,.jpg,2217015,1676,2116,3.55,portrait,CMYK,
Links\810_4171.jpg,Links,.jpg,12816216,4720,3150,14.87,landscape,CMYK,
Links\81e4558a7f64838f6f1bca174bad0847.jpg,Links,.jpg,948416,1404,934,1.31,landscape,CMYK,
Links\93dd40c8-2325a24-02.jpg,Links,.jpg,2005189,1920,1280,2.46,landscape,CMYK,
Links\ads_80_fr_30_60_galley.jpg,Links,.jpg,846539,1100,1100,1.21,square,CMYK,
Links\al45_door.jpg,Links,.jpg,639584,1100,1600,1.76,portrait,CMYK,
Links\ALR45_Post.png,Links,.png,4274649,2653,3859,10.24,portrait,RGB,
Links\alr_72.tif,Links,.tif,21223908,1286,1600,2.06,portrait,CMYK,
Links\aluminyum_door_.jpg,Links,.jpg,1428653,1024,1024,1.05,square,CMYK,
Links\architects-use-trigonometry_f5d1cf5e9de131cb.jpg,Links,.jpg,1123742,1400,788,1.1,landscape,CMYK,
Links\BAS-automatik-tuer-Eingang-Slider.jpg,Links,.jpg,1585030,1920,790,1.52,landscape,CMYK,
Links\basic-10.jpg,Links,.jpg,2591216,2362,2109,4.98,landscape,CMYK,
Links\Construction-Specifier-Dec.-2013-Spring-Hill-2-1536x1028.jpg,Links,.jpg,1933969,1536,1028,1.58,landscape,CMYK,
Links\Cyber_Valley_Visualisierung_Eingang.png,Links,.png,3771510,1614,1058,1.71,landscape,RGBA,
Links\dsc0393353F8AB35-CFF9-D08B-FC75-9CDE2BAA3E2B.jpg,Links,.jpg,8422710,3072,2304,7.08,landscape,CMYK,
Links\DSC04979.jpg,Links,.jpg,1805729,1200,800,0.96,landscape,CMYK,
Links\DSC_0043.jpg,Links,.jpg,3609898,4608,3072,14.16,landscape,CMYK,
Links\DSC_0194_2.jpg,Links,.jpg,10848976,4608,3072,14.16,landscape,CMYK,
Links\DSC_0973.jpg,Links,.jpg,2843544,3072,4608,14.16,portrait,CMYK,
Links\DSC_2011.JPG,Links,.jpg,12929587,4252,2835,12.05,landscape,CMYK,
Links\edbfb9591da659cc3d894a1173965da0.jpeg,Links,.jpeg,2537238,1680,1119,1.88,landscape,CMYK,
Links\ENTBwh_pzEI0k4QiP63XIfvQFIhe0AyNRk4wvZZhObRtUdN8K3k1nba_q40hjd-NQFvhnU4YK9jIWOJcG7fQ0D9IUCYwXeBRfnL-fka8Y82M7DJbJdtXkFWTaNqHqb9nVtHwcE53DE4OEKgEUlIHoQ==.jpg,Links,.jpg,2903481,1680,1680,2.82,square,CMYK,
Links\eos_6d_0357_2854.jpg,Links,.jpg,2036941,1500,1000,1.5,landscape,CMYK,
Links\g16.jpg,Links,.jpg,5245903,2008,1592,3.2,landscape,CMYK,
Links\generic-157362719-crop-58b59d943df78cdcd87520ea.jpg,Links,.jpg,12859185,5411,3610,19.53,landscape,CMYK,
Links\glass-roof.jpg,Links,.jpg,2606210,1600,1200,1.92,landscape,CMYK,
Links\header_innovationen_festo-1.jpg,Links,.jpg,3408655,2561,1203,3.08,landscape,CMYK,
Links\IMG_0278.jpg,Links,.jpg,14672777,4725,3150,14.88,landscape,CMYK,
Links\IMG_0513.JPG,Links,.jpg,21976315,5152,3864,19.91,landscape,CMYK,
Links\IMG_3676.jpg,Links,.jpg,21517145,4725,3150,14.88,landscape,CMYK,
Links\IMG_3701.jpg,Links,.jpg,13672132,4725,3150,14.88,landscape,CMYK,
Links\IMG_3765.jpg,Links,.jpg,14742733,4725,3150,14.88,landscape,CMYK,
Links\IMG_5328.jpg,Links,.jpg,1945581,1680,1120,1.88,landscape,CMYK,
Links\IMG_7650.jpg,Links,.jpg,15274789,4725,3150,14.88,landscape,CMYK,
Links\IMG_7650_1.jpg,Links,.jpg,14543765,4725,3150,14.88,landscape,CMYK,
Links\IMG_7685.jpg,Links,.jpg,15514738,4725,3150,14.88,landscape,CMYK,
Links\IMG_7768.jpg,Links,.jpg,15206809,4725,3150,14.88,landscape,CMYK,
Links\IMG_7772.jpg,Links,.jpg,17485964,4725,3150,14.88,landscape,CMYK,
Links\IMG_7918.jpg,Links,.jpg,13298315,4725,3150,14.88,landscape,CMYK,
Links\iStock-1129638565-scaled.jpg,Links,.jpg,2272353,2560,1707,4.37,landscape,CMYK,
Links\joel-filipe-227420.jpg,Links,.jpg,3039412,2072,3158,6.54,portrait,CMYK,
Links\kislovodsk_01.jpg,Links,.jpg,2128288,4608,3072,14.16,landscape,CMYK,
Links\kislovodsk_2.jpg,Links,.jpg,9759303,3072,4608,14.16,portrait,CMYK,
Links\medium.jpg,Links,.jpg,1487598,1599,1200,1.92,landscape,CMYK,
Links\mottram-rooflight.jpg,Links,.jpg,1250218,1920,1209,2.32,landscape,CMYK,
Links\nebug(2)__s3nwf6t.jpg,Links,.jpg,2167421,1900,1267,2.41,landscape,CMYK,
Links\octavian-rosca-366885-unsplash.jpg,Links,.jpg,5711065,4000,5000,20.0,portrait,CMYK,
Links\P7078972.JPG,Links,.jpg,7161386,3648,2736,9.98,landscape,CMYK,
Links\ratgeber-moderner-wintergarten-1.jpg,Links,.jpg,1967029,2048,1152,2.36,landscape,CMYK,
Links\S171026145.jpg,Links,.jpg,3308161,1400,1048,1.47,landscape,CMYK,
Links\Servico-Glazing-1920x1080.jpg,Links,.jpg,1263134,1920,1080,2.07,landscape,CMYK,
Links\slaideris.jpg,Links,.jpg,2328782,1920,1200,2.3,landscape,CMYK,
Links\slaideris.png,Links,.png,2124333,1920,1200,2.3,landscape,RGB,
Links\source_img.jpg,Links,.jpg,7759291,3091,1765,5.46,landscape,CMYK,
Links\standart-estima-2.jpg,Links,.jpg,2146111,2000,620,1.24,landscape,CMYK,
Links\stroeher-object-3152-rotrost-vf-08-1600x1200.jpg,Links,.jpg,2704427,1600,1200,1.92,landscape,CMYK,
Links\the-culpeper-rooftop-bar-restaurant-redonline.jpg,Links,.jpg,2464505,1794,1196,2.15,landscape,CMYK,
Links\TOPo241W.jpg,Links,.jpg,6376310,2124,1646,3.5,landscape,CMYK,
Links\Velux Flat Roof Windows.jpg,Links,.jpg,1467678,1290,1290,1.66,square,CMYK,
Links\Вхідні двері Thermo65.jpg,Links,.jpg,404862,1620,1080,1.75,landscape,CMYK,
Links\гурзуф оранжерея-1.jpg,Links,.jpg,1982312,1280,720,0.92,landscape,CMYK,
Links\дверь_тепло.jpg,Links,.jpg,741042,1072,1600,1.72,portrait,CMYK,
Links\кисловодск детское кафе-1.jpg,Links,.jpg,17301285,5184,3456,17.92,landscape,CMYK,
Links\кисловодск летуаль-1.jpg,Links,.jpg,13897073,4725,3150,14.88,landscape,CMYK,
Links\кисловодск летуаль.jpg,Links,.jpg,15758505,4725,3150,14.88,landscape,CMYK,
Links\люлька-восстановлено.jpg,Links,.jpg,10069787,4000,3000,12.0,landscape,CMYK,
Links\магас-2.jpg,Links,.jpg,5183032,2592,1456,3.77,landscape,CMYK,
Links\магас-3.jpg,Links,.jpg,5639005,2592,1456,3.77,landscape,CMYK,
Links\окно_холод.jpg,Links,.jpg,692415,1056,1600,1.69,portrait,CMYK,
Links\Сокол-1.jpg,Links,.jpg,17702686,4412,3543,15.63,landscape,CMYK,
Mantera Resort\Mantera resort.webp,Mantera Resort,.webp,42732,500,333,0.17,landscape,RGB,
Mantera Resort\Mantera resort2.jpg,Mantera Resort,.jpg,861336,1020,680,0.69,landscape,RGB,
Mantera Resort\Mantera resort3.webp,Mantera Resort,.webp,140250,1024,469,0.48,landscape,RGB,
Mantera Resort\Mantera resort4.jpg,Mantera Resort,.jpg,451167,2879,1799,5.18,landscape,RGB,
Mantera Resort\Mantera resort5.webp,Mantera Resort,.webp,46116,640,480,0.31,landscape,RGB,
Marriott\Marriot.jpg,Marriott,.jpg,305631,1560,1080,1.68,landscape,RGB,
Marriott\Marriot3.jpg,Marriott,.jpg,159798,900,1200,1.08,portrait,RGB,
Marriott\Marriot4.jpg,Marriott,.jpg,199881,1280,873,1.12,landscape,RGB,
Marriott\Marriot5.jpg,Marriott,.jpg,574318,1080,1559,1.68,portrait,RGB,
Marriott\Marriott.jpg,Marriott,.jpg,106496,1142,759,0.87,landscape,RGB,
Marriott\Marriott10.jpg,Marriott,.jpg,373435,750,1000,0.75,portrait,RGB,
Marriott\Marriott6.jpg,Marriott,.jpg,113417,1280,720,0.92,landscape,RGB,
Marriott\Marriott7.jpg,Marriott,.jpg,453775,666,1000,0.67,portrait,RGB,
Marriott\Marriott8.png,Marriott,.png,396988,906,960,0.87,portrait,P,
Marriott\Marriott9.jpg,Marriott,.jpg,278674,1400,800,1.12,landscape,RGB,
ГМУ Им АДмирала ФФ Ушакова\ГМУ Им АДмирала ФФ Ушакова 3.webp,ГМУ Им АДмирала ФФ Ушакова,.webp,177422,1280,719,0.92,landscape,RGB,
ГМУ Им АДмирала ФФ Ушакова\ГМУ Им АДмирала ФФ Ушакова 4.webp,ГМУ Им АДмирала ФФ Ушакова,.webp,218440,1280,853,1.09,landscape,RGB,
ГМУ Им АДмирала ФФ Ушакова\ГМУ Им АДмирала ФФ Ушакова.webp,ГМУ Им АДмирала ФФ Ушакова,.webp,145382,1280,619,0.79,landscape,RGB,
ГМУ Им АДмирала ФФ Ушакова\ГМУ Им АДмирала ФФ Ушакова2.webp,ГМУ Им АДмирала ФФ Ушакова,.webp,367744,1280,959,1.23,landscape,RGB,
терос\2d514afc-1ab1-4fcc-b526-13e12a0f0b2e.jpg,терос,.jpg,334091,960,1280,1.23,portrait,RGB,
терос\3d12297c-319b-4b18-a8b8-76a34d504f34.jpg,терос,.jpg,236673,960,1280,1.23,portrait,RGB,
терос\8c633cb0-7dd3-42c3-a748-5dc737a86643.jpg,терос,.jpg,370470,960,1280,1.23,portrait,RGB,
терос\b900dbbd-edf9-4746-ba22-cb166d1ede72.jpg,терос,.jpg,244098,960,1280,1.23,portrait,RGB,
терос\image-23-08-24-10-57.jpg,терос,.jpg,489968,1920,1080,2.07,landscape,RGB,
терос\IMG_7896_1.jpg.webp,терос,.webp,423266,1920,1080,2.07,landscape,RGB,
частный дом пятигорск\896e5908-3268-431e-9b0d-c737b03d7c55.jpg,частный дом пятигорск,.jpg,284158,1280,720,0.92,landscape,RGB,
частный дом пятигорск\8a420850-302e-45e5-9039-c5be5c8dd31a.jpg,частный дом пятигорск,.jpg,182106,1280,720,0.92,landscape,RGB,
частный дом пятигорск\a06c1b9f-bca4-4d10-8aee-90bccee97e25.jpg,частный дом пятигорск,.jpg,232035,1280,720,0.92,landscape,RGB,
частный дом пятигорск\adf290ca-0cec-423e-b238-f5c3e5bb70a0.jpg,частный дом пятигорск,.jpg,175230,1280,720,0.92,landscape,RGB,
частный дом пятигорск\b893204a-9bf2-4eff-92ff-fa95298ee8b9.jpg,частный дом пятигорск,.jpg,235364,1280,720,0.92,landscape,RGB,
частный дом пятигорск\c4011ea0-5464-4445-a116-2869dc069e6b.jpg,частный дом пятигорск,.jpg,313380,1280,960,1.23,landscape,RGB,
ЧД Пятигорск 2\677b2c73-6907-47e8-a592-799e941ea256.jpg,ЧД Пятигорск 2,.jpg,215304,960,1280,1.23,portrait,RGB,
ЧД Пятигорск 2\c16416cb-6ab5-4ef9-a30c-78f55cdc4620.jpg,ЧД Пятигорск 2,.jpg,306817,960,1280,1.23,portrait,RGB,
ЧД Пятигорск 2\c185bd80-5edb-4c68-9ffa-75b55cb44109.jpg,ЧД Пятигорск 2,.jpg,278111,960,1280,1.23,portrait,RGB,
